{"train/bce":0.09609816327691079,"test_macro_auroc":0.9945334602257511,"_wandb":{"runtime":6779},"val/penalty":3.3705492266259775e-05,"_step":960,"test_global_recall":0.970344790021243,"_timestamp":1.7773327832997608e+09,"train/loss":0.11402493983507156,"val/hierarchy_violation_rate":0.005248286847652945,"optimal_threshold":0.37,"val/bce":0.06572862652440865,"test_micro_f1":0.9636305019981695,"train/penalty":5.97559216839727e-05,"test_weighted_auroc":0.995922261267581,"test_macro_auprc":0.9734068336158574,"params/lambda":300,"test_macro_f1":0.9311476795446572,"val/loss":0.07584027325113614,"test_weighted_f1":0.9634923617938947,"epoch":961,"_runtime":6766.6528191,"params/patience_counter":49,"test_global_precision":0.9570084942980976,"test_weighted_auprc":0.9891207518579526}